2136.9,1836.5,1829.9,1713.7,1635.2,1633.5,1639.2,1645.7,1639,1641.2,1643.8,1656.3,1657.8,1660,1665,1668.9,1678,1686.3,1695.2,1699,1707.8,1726.4,1736.6,1749.4,1758.5,1767.8,1778.4,1794.9,1816.6,1838.5,1857.9,1877.6,1897.9,1906,1821.8,1824,1827.2,1829.5,1730.6,1733.3,1708.2,1681.7,1685.8,1688.2,1689.3,1590.8,1591.3,1574.7,1536.8,1520.7,1454.1,1385.4,1307.9,1250.2,1239.7,1242.4,1248.3,1257.7,1222.5,1226.7,1229.5,1239.3,1217.4,1218.4,1222.8,1201.5,1185.2,1190.2,1191.7,1183.6
2110.1,1815.6,1809.4,1694.4,1613.1,1613.3,1620.2,1625.6,1617.9,1620.9,1633.1,1639.1,1645.7,1641.8,1649.2,1660.4,1667.7,1676,1675.6,1683,1700.3,1710,1721.1,1729.1,1736.1,1744.9,1759.5,1779.1,1798.1,1820.6,1839.4,1862.5,1880,1872.1,1786.9,1790.4,1792.1,1795.5,1699.8,1701.9,1679.4,1654,1657.3,1657.9,1657.7,1561.4,1560.2,1543,1502.7,1486,1420.3,1354,1279.2,1221.3,1211.4,1214.5,1222,1224.7,1190.7,1193.3,1199.3,1206.4,1186.7,1187.5,1191.3,1175.2,1161.5,1163.7,1167.2,1163.9
2082.7,1791,1788.8,1673.9,1589.9,1593.7,1599.2,1602.3,1599.5,1610.2,1615.3,1630.8,1627.6,1626.1,1639.6,1647.9,1658.6,1656.8,1656.9,1672.7,1682.4,1695.7,1701.3,1707.8,1713.4,1725.7,1743.5,1760.7,1780.5,1803.9,1825.6,1846.6,1846,1840.1,1753.9,1756.4,1759.5,1762.7,1668.5,1670.6,1649.3,1626.1,1624.3,1625.1,1623.1,1529.6,1527.8,1508.8,1469.3,1450.9,1386.8,1323.4,1250,1191.3,1183.3,1186.6,1187,1188.4,1156.4,1159.8,1165.2,1166.9,1155.2,1154.4,1163,1147.2,1135.3,1137.5,1145.4,1141.1
2054.4,1765.1,1766.5,1651,1565.7,1568.6,1571,1574.4,1582.1,1586.4,1601.6,1605.4,1606.8,1612.7,1621.6,1634.9,1634.5,1637.2,1647.2,1655.1,1667.6,1674.4,1678.6,1683.8,1692.9,1708.9,1723.8,1742,1763.2,1788.9,1808.2,1827.2,1810.9,1807,1721.7,1725.5,1729,1730.9,1638.1,1640.5,1620.5,1600.2,1592.8,1593.7,1590.4,1500.9,1503.4,1479.5,1439.2,1417.4,1352.3,1290.7,1219.1,1159.8,1152.9,1154.8,1151.3,1154.8,1123.3,1125.7,1125.9,1136.7,1124,1125.2,1126.4,1118.3,1113,1116.7,1119.9,1118.9
2030.8,1749,1748.3,1633.7,1546.7,1548.6,1552.1,1558.7,1561.1,1576.1,1582.6,1587.6,1592.3,1596.2,1612.6,1613.9,1614.9,1621.3,1625.6,1638,1643.8,1651.5,1657.8,1664.9,1677.9,1691.4,1708.2,1726.1,1749.3,1771.9,1789.3,1805.9,1775,1771.3,1686,1689.5,1691.2,1693.8,1606.1,1607.4,1587.2,1567.9,1559.1,1561.9,1556.7,1470.7,1473.4,1447.2,1406.4,1384,1321.5,1262.9,1192.4,1134,1128.1,1129.7,1122.3,1125.8,1095.2,1097.1,1102.2,1107.6,1099.4,1100.7,1101.9,1096.3,1093,1096.8,1103.4,1102
1998.9,1723.3,1725.4,1610.2,1521.6,1523.9,1532.6,1536.5,1546.9,1554.4,1561.4,1569.5,1571.7,1582.8,1590.4,1590.7,1595.4,1598.2,1603.9,1610.4,1615.7,1624.5,1630.8,1642.6,1652.2,1667.5,1683.8,1704.6,1724.8,1747.3,1761.8,1780,1733,1730,1645,1647.2,1650,1652.7,1568.4,1570.2,1550.7,1532.4,1523.3,1524.9,1518.6,1435.2,1435,1407,1367.9,1346,1286.8,1232.4,1164.8,1108.9,1104.6,1104.4,1094.5,1097.2,1068.3,1072.7,1074.3,1082.2,1078.1,1075.7,1077.2,1073.6,1070.7,1076.8,1081.6,1079.7
1968.2,1701,1706,1590.7,1499.8,1506.4,1512,1520.6,1525.6,1534,1545.2,1551.1,1559.4,1562.9,1569.3,1575.5,1575.1,1579.7,1582.4,1587.8,1593.3,1601,1613,1621,1633.7,1649,1667.7,1685.2,1705,1723,1739,1757,1693.7,1690.8,1606.2,1608.9,1611.6,1611.6,1533.6,1535.3,1516.8,1498.4,1488,1489.9,1483.2,1403,1400.8,1373.4,1334.9,1314.1,1256.4,1204.9,1141,1085.7,1082.6,1081.2,1069.7,1070.4,1046.7,1048.8,1052.5,1064.1,1058.3,1054.3,1056.3,1055.4,1053.9,1058.6,1062.3,1071.7
1936.4,1679.5,1682.1,1565.9,1476.8,1482.3,1491.9,1496.1,1500.2,1511.7,1520.6,1532.9,1536.7,1540.2,1550.7,1552.5,1557.1,1558.7,1559,1566.1,1570.2,1583.4,1590.8,1600.7,1612.8,1629.3,1644.5,1662.3,1678,1697.6,1714.2,1718.7,1653,1650.3,1567.2,1569.6,1570.6,1572.7,1497.2,1498.2,1481,1463.5,1452.7,1454.5,1448,1372.8,1369,1340.5,1302.4,1280.1,1225.7,1178.6,1117,1064.9,1062.3,1058.3,1046.9,1048.5,1026.4,1029.1,1036.4,1041.1,1036.8,1034.5,1037.3,1038.5,1039,1043.3,1054.8,1061.5
1903.5,1656.2,1662.3,1543.5,1455.5,1464.4,1470.1,1474.2,1481.3,1490.6,1506,1513.5,1516.6,1523.6,1530.6,1539.4,1537.1,1537.4,1538.7,1543.1,1553.3,1562.2,1570.7,1580.7,1594.9,1608.4,1624,1638,1655.4,1675.7,1678.5,1679.7,1614.7,1612.2,1530,1530.6,1533.4,1533.5,1461.8,1463.2,1446.8,1430.5,1417.2,1418.9,1412.3,1341,1336.7,1308.1,1272.8,1250.7,1198.9,1155.5,1097.2,1045.8,1045.1,1038.3,1025.6,1025.5,1007.4,1011,1014,1017.9,1016.8,1013.7,1024.8,1022.6,1023.5,1035.6,1044.7,1056.8
1870.2,1635,1638.4,1521.9,1436.6,1443.5,1448.9,1451.5,1457,1472.6,1482.9,1489.9,1495.9,1502.5,1515.5,1516,1515.3,1516.4,1517.9,1528.4,1534.3,1542.2,1551.8,1563.7,1576.8,1591.6,1603.5,1619.7,1638.5,1659.6,1643.7,1645.9,1580.3,1577,1497,1498.8,1499.7,1501.1,1432.1,1432.3,1418.2,1400.9,1388.7,1391.8,1385,1317.4,1310.5,1280.6,1244.4,1221.4,1169.1,1127,1072.9,1024,1023.8,1017.4,1006.5,1010.5,990.89,994.85,997.61,1006.6,997.59,1007,1008.6,1010.2,1017.7,1032.5,1046,1057.8
1839.4,1613.8,1618.6,1500.5,1416.5,1423.9,1428.4,1430.2,1441,1453.1,1463.6,1472.5,1476.9,1487,1491.7,1492.1,1491.6,1492.9,1498.9,1505,1510,1521,1532,1543.4,1555.8,1566.9,1581.9,1599.4,1619.1,1647.9,1606.9,1608.4,1542.8,1539,1460.9,1461.2,1463.5,1464.1,1399.1,1399.5,1386.2,1369.1,1357.8,1360.6,1353.8,1289,1280.4,1248.3,1214,1191.7,1141.6,1101.1,1051.5,1006.2,1005.4,1000,990.39,989.86,976.8,981.08,986.08,985,993.96,993.61,1000.8,1006.8,1023.7,1044.1,1057.7,1071.3
1800.2,1586.2,1592.6,1473.4,1391.8,1398.3,1402.5,1408.4,1416.1,1427.9,1440.2,1447,1455.4,1460.6,1467.2,1467,1466.8,1473.6,1475.4,1481.4,1488.4,1498.8,1508.8,1519.3,1529.7,1543.7,1559.4,1578.6,1605.8,1624.6,1567.9,1570,1503.5,1498.9,1422.7,1423.7,1425.5,1427.2,1363.3,1363.5,1352.3,1334,1324.5,1327.2,1321,1259.2,1248.1,1214.4,1182.2,1160.9,1112.6,1074.3,1030.3,988.49,988.95,985.37,977.74,977.21,967.5,972.5,971,979.56,977.39,986.24,996.49,1007,1022.9,1042.6,1053.5,1068.1
1766.6,1563.9,1569.8,1448.5,1369.4,1375.5,1383.2,1384.2,1391.8,1406.6,1417.9,1427.9,1431,1437.3,1441.7,1442.8,1447,1448,1451.1,1459.3,1465.3,1475.6,1485.5,1493.7,1506.4,1521.2,1539.4,1565.6,1583,1584.5,1529.3,1530.8,1463.7,1458,1383.8,1384.2,1387.2,1388.8,1327.5,1328.1,1317.2,1298.3,1290.1,1292.7,1288.1,1229.4,1216.7,1182.4,1151.7,1131.8,1086.4,1049.6,1010.3,972.16,970.14,968.57,963.14,959.45,954.34,957.51,959.8,959.36,968.99,982.22,995.01,1007.6,1022.5,1039.3,1052.4,1067.8
1724.6,1534.5,1537.7,1418.7,1341.8,1349.5,1354,1357.6,1366.9,1379.1,1391.4,1397.5,1402.1,1406.4,1414.7,1419.6,1419.8,1423.5,1426.9,1434.7,1440.4,1448.6,1455.6,1465.8,1480,1497.1,1521.3,1543.6,1538.2,1539.8,1486.9,1488.3,1421.1,1414.8,1342.8,1345.1,1348.1,1348.9,1290,1291.2,1282.6,1262.2,1256.2,1258,1254.2,1198,1181.6,1144.8,1114.9,1095.4,1050.9,1016.9,983.07,949.19,947.56,947.85,945.01,945.68,939.05,940.76,942.49,948.95,964.45,978.52,991.16,1002,1014.8,1033.5,1047,1060.7
1692.2,1515,1511.5,1396.1,1322,1327.7,1333.2,1338.4,1346.1,1358.4,1367.5,1375.3,1378.7,1385.5,1395.1,1397.4,1400.3,1402,1405.6,1412.4,1417.7,1425.9,1436,1447.2,1463.1,1485.9,1506.4,1507.8,1499.3,1501.2,1449.9,1451.3,1384.2,1377.1,1306.9,1309.3,1311.8,1311,1256.9,1258,1249.7,1229.2,1223.8,1225.8,1222.4,1170.2,1150.9,1113.2,1084,1063.9,1021.5,990.56,959.68,928.88,927.94,928.83,926.07,928.18,921.09,923.42,927.1,945.04,961.01,975.59,988,998.87,1015.1,1033.5,1047.1,1061.1
1659.1,1493.5,1485.1,1372.3,1299.6,1306.6,1314,1318.5,1326.5,1336.4,1347.4,1352.9,1358.3,1366.5,1374,1377.7,1378.3,1380.4,1382.1,1388.6,1393.8,1405.1,1415.6,1429,1449.9,1476.7,1468.8,1470.1,1458.8,1458.9,1411.1,1413.1,1345.6,1338.3,1269.2,1271.1,1272.3,1271.1,1222.1,1222.3,1215.8,1195.1,1190.4,1193.2,1189.3,1140.6,1118.3,1079.1,1051.4,1031.5,993.17,965.98,938.78,911.71,912.45,913.38,909.06,911.97,905.51,909.07,923.07,943.4,957.17,972.63,988.26,999.07,1013.2,1031.1,1046.1,1062.7
1624.2,1469.3,1456,1346.5,1276.2,1285.1,1291.5,1295.5,1300.6,1313.3,1322.9,1330.6,1337,1342.7,1351.3,1354.5,1353,1354.3,1356.3,1362.3,1369.9,1381.7,1394.2,1412.9,1437.8,1451.5,1428.8,1430.7,1416.3,1415,1370.9,1371.8,1304.9,1297,1229.8,1230.2,1231.3,1230.3,1185.2,1185.4,1180.1,1159.9,1155.4,1158,1154.8,1109.4,1086.1,1046.1,1021.1,1002.3,966.97,942.53,919.93,896.71,897.43,901.13,895.32,896.14,894.07,906.83,923.12,942.24,959.59,975.49,993.7,1008.5,1024.6,1043.5,1058.4,1078.1
1584.8,1441.8,1422.4,1316,1250.1,1258.1,1263.7,1265.2,1272.4,1283.3,1295.1,1303.9,1309.1,1316.9,1324.7,1329.7,1325.1,1326.8,1328.7,1337.6,1345.5,1358.6,1376,1398.3,1418.2,1410.1,1385.9,1387.1,1370.3,1367.8,1326.6,1326.2,1260.9,1252.3,1187.5,1186.3,1187.9,1187,1144.5,1144.8,1140.8,1121.4,1117.6,1119.9,1117.4,1076,1052,1011.2,988.88,970.37,938.02,916.5,898.15,879.85,882.23,883.5,881.53,882.05,896.72,910.98,928.91,946.05,970.02,991.65,1010.9,1024.3,1046.1,1070.2,1088.2,1112.5
1542.9,1412.9,1385.5,1281.4,1220.8,1228,1231.2,1233.8,1239.2,1252.1,1265.1,1272,1279.7,1288.9,1299.5,1298.7,1296,1297.1,1301.6,1311.9,1320.4,1337.3,1358.2,1375.2,1391.3,1366,1339.8,1341.4,1322.7,1319,1281.1,1279.8,1215.8,1206.3,1144,1141.3,1142.8,1142.7,1102.3,1103.6,1100,1080.9,1078.1,1080.5,1079.4,1042.3,1017.1,975.69,955.79,936.83,909.01,891.58,876.78,863.8,864.1,865.61,869.8,880.02,894.04,909.5,924.91,944.33,967.87,989.74,1005.3,1022.3,1044.2,1070.4,1090,1112.9
1502.4,1385.1,1350,1248.8,1191.4,1196.7,1201.1,1201.3,1210.2,1224.2,1235.2,1244.6,1253.2,1265.2,1271.3,1269.9,1268.3,1271.2,1277.7,1289.1,1301.3,1322.1,1338.6,1351.7,1364.7,1324.7,1296.3,1297.4,1276.3,1270.7,1235.6,1233.4,1170.4,1160.4,1099.7,1095.6,1097.1,1097.1,1060.4,1061,1058.8,1038.9,1038.2,1040.8,1041.1,1008.6,980.47,938.38,919.83,900.47,877.94,865.37,853.74,845.79,847.44,853.14,865.44,878.85,893.38,910.19,927.31,949.25,972.58,996.71,1015,1030,1052.8,1079.7,1099.3,1121.8
1463.5,1358.5,1316.6,1217.7,1163.4,1169.3,1171.4,1175.2,1185,1197.9,1212,1221,1231.7,1239.2,1243.6,1244.7,1243,1247.7,1255.1,1269.5,1285.7,1302.5,1314.5,1324.9,1332.7,1283.4,1253,1253.4,1230.9,1223.4,1191.5,1188.1,1126.1,1115.5,1055.9,1050,1051.5,1051.5,1018.6,1018.7,1018.1,997.85,998.42,1002.4,1002.7,973.69,943.62,901.8,885.93,867.83,851.91,844.29,836.63,833.12,838.6,850.76,863.67,880.88,896.62,913.58,933.1,956.64,977.76,1002.5,1023.6,1038,1060.3,1085.9,1103.5,1125.3
1426.9,1333.3,1285.9,1189.5,1138.9,1143.2,1148.3,1152.7,1161.5,1177.4,1191.7,1202.3,1208,1213.1,1219.4,1222.2,1218.4,1223.6,1233.9,1250.8,1264.5,1278.3,1287.8,1293.7,1295.8,1243.3,1211.7,1212.7,1188.4,1179.7,1150.9,1146.3,1085.5,1074.1,1015.4,1007.2,1008.5,1009.8,979.64,980.72,979.68,960.48,962.49,966.23,968.33,939.88,909.17,868.86,857.32,841.66,831.95,828.34,825.37,828.69,842.36,859.88,879.9,904.64,924.36,947.26,971.52,1001.4,1024.5,1051.2,1077.8,1095.4,1115.9,1141.6,1162.9,1183.3
1394.7,1310,1259.2,1165.1,1116.4,1122,1126.2,1131.5,1145.1,1161.8,1178.1,1184.2,1188,1194,1202.1,1201.2,1198.9,1206.8,1220.9,1234.6,1245.5,1256.9,1261.9,1264.4,1262.6,1208.1,1174.8,1175.5,1148.5,1137.5,1110.7,1105.1,1045.8,1034.2,975.32,964.88,966.7,968.21,941.38,941.64,942.3,923.69,926.15,931,931.21,905.87,875.52,838.08,829.56,816.22,812.5,813.02,815.56,832.33,850.47,871.22,890.62,915.55,935.55,958.34,982.46,1011.8,1036,1063.7,1092.2,1112,1134.9,1161.6,1182.5,1205.4
1357.8,1283.2,1227.4,1137.4,1092.2,1097.4,1102.3,1110,1124.3,1143.1,1155.4,1158.6,1162.7,1171.2,1175.1,1173.6,1175.7,1187.7,1200.8,1210.6,1219.8,1226.5,1228.4,1231.7,1225.4,1170.5,1136.8,1137,1108,1095.7,1069.2,1062.9,1004.7,991.78,933.14,921.31,923.3,924.15,900.72,901.51,902.86,884.49,888.77,892.11,896.04,868.84,840.16,808.05,803.15,795.04,794.19,800.66,816.09,836.36,856.53,880.5,905.7,935.75,962.99,992.1,1023.7,1058.3,1088.4,1122.6,1157.6,1182.2,1210.2,1241.4,1262.3,1284.4
1322.1,1256.6,1197.1,1111.4,1070.2,1076.1,1082,1091.1,1108.9,1122.5,1131.4,1134.5,1141.8,1147.5,1148.1,1152.7,1157.6,1167.8,1177.4,1184.3,1190.8,1195,1197.7,1198.4,1190.8,1137.4,1103.5,1103.8,1073.1,1059.5,1032.1,1026.3,969.28,955.1,895.55,882,883.94,882.7,863.77,865,866.08,848.92,853.15,859.25,860.75,833.39,807.03,782.65,781.26,778.65,783.19,802.12,819.55,839.98,861.27,886.25,912.07,942.25,969.77,999.59,1030.3,1065.3,1095.4,1128,1162,1185.4,1210.4,1238.6,1259.1,1279.7
1291.9,1236.1,1171.7,1088.8,1052.3,1058.9,1065.6,1078.8,1091.2,1101.1,1109.1,1116.4,1121.9,1123.9,1129.1,1137.6,1141.9,1148.2,1155.4,1159.4,1163.8,1168.7,1168.4,1172.3,1159.8,1107.3,1072.9,1074,1040.7,1025.8,997.26,992.36,937.04,921.83,861.53,846.1,846.55,844.76,830.9,832.12,835.37,817.38,825.03,830.23,828.51,802.87,778.58,761.16,760.34,765.82,783.73,811.37,839.42,870.78,901.85,937.34,973.03,1012.2,1047.9,1085.4,1125.9,1169.2,1203.8,1239.1,1280.5,1312.3,1339.5,1364,1391.5,1417.3
1261.9,1210.5,1144.7,1063.6,1030.3,1036.2,1046.6,1059.1,1067.8,1075,1085.4,1094.1,1097.5,1098.4,1105.3,1113.7,1116.9,1122.7,1126.3,1127.2,1133.4,1136.9,1140.7,1141.4,1127.6,1075.3,1040.8,1041.7,1005.3,989.84,961.23,956.05,903.34,887.65,827.88,809.33,809.18,807.37,797.27,799.81,803.55,786.73,794.7,793.37,792.18,769.17,750.12,740.02,744.36,757.89,791.11,824.13,860.37,902.23,936.89,971.32,1003.8,1044.1,1073.2,1102.4,1138.7,1174.3,1204.4,1239.1,1282.7,1314.6,1336.6,1364.1,1397.2,1419.2
1230.9,1179.9,1114.4,1034.8,1002.6,1011.8,1020.6,1031,1038.7,1047,1057,1065.4,1068.5,1070.1,1075.2,1082.4,1087.3,1090.1,1092,1094.1,1100.2,1107.6,1109.2,1112.5,1095.5,1043.6,1009.8,1009,969.87,953.68,923.72,918.68,869.03,853.67,794.44,773.18,773.64,770.51,764.45,768.51,767.89,755.9,760.81,757.11,755.15,734.94,721.4,717.72,727.22,754.21,785.27,820.9,860.03,895.38,925.92,958.17,995.77,1028.6,1055.6,1090.1,1123.1,1162.4,1197.9,1233.9,1274.2,1304.1,1331.2,1361.8,1387.8,1412.9
1197.6,1148.8,1081.7,1003.7,974.02,983.87,990.42,999.09,1007.6,1015.2,1024.7,1033.6,1038.7,1041.9,1045.5,1053.8,1057.8,1059.5,1062.2,1065.4,1075.1,1078.5,1082.5,1086.3,1065.5,1014.2,979.87,976.56,935.82,918.42,886.74,883.19,836.76,822.8,764.84,741.86,741.96,738.43,735.05,738.62,735.99,727.32,729.28,725.95,723.76,708.78,700.16,701.71,720.89,747.18,782.25,821.43,854.92,886.49,914.99,952.07,984.09,1013.1,1045.9,1077,1115,1155.8,1194.1,1227.6,1264.9,1300,1328.8,1354.5,1382,1413.5
1163.5,1117.7,1047.1,969.99,943.81,952.45,957.97,966.12,972.47,979.58,989.04,1000.1,1006.7,1009.2,1013.8,1020.9,1024.9,1028,1030.9,1038.8,1043.7,1048.2,1052.6,1054.4,1031.1,981.27,946.52,941.86,901.32,883.91,852.03,849.55,805.96,792.77,738.66,714.66,714.14,711.8,709.21,712.42,707.52,701.12,700.29,698.7,697.45,688.4,684.43,694.31,711.22,741.26,779.65,812.98,844.47,872.86,907.77,939.88,969.55,1002.4,1031.7,1069.2,1109.5,1149.9,1187.7,1219.6,1260.1,1295.7,1321.1,1349.7,1382,1409.2
1131.3,1086.3,1014.3,936.94,912.34,920.08,926,933.76,938.52,946.65,957.29,970.57,976.4,978.77,982.83,988.29,995.3,1000.4,1005.6,1009.7,1014.3,1018.2,1019.4,1023.5,996.06,945.09,909.47,903.49,863.59,845.6,816.27,813.53,773.05,761.92,712.19,687.54,687.35,686.68,684.78,688.96,683.05,677.61,678.44,674.83,674.71,672.09,669.75,679.47,700.82,736.02,769.49,802.06,832.07,866.49,897.39,926.62,959.94,990.29,1025.2,1065.8,1105.3,1146.8,1183.3,1217.6,1257.9,1291.1,1318.6,1349.9,1379.4,1404.1
1100.4,1057,984.13,906.59,883.48,891.76,897.24,903.19,909.59,918.52,930.86,942.52,947.65,950.09,952.15,960.51,968.78,975.51,977.42,980.03,985.34,986.22,989.59,990.58,962.27,911.66,875.84,869.22,830.59,812.51,785.05,782.9,745.88,736.78,690.64,665.53,666.3,665.7,666.58,671.24,663.92,659.79,660.35,657.6,659,658.98,658.16,671.71,699.05,728.69,760.54,791.82,827.17,857.75,885.91,918.44,948.65,984.49,1022.5,1062.1,1102.9,1143,1180.4,1215.6,1255.2,1288.2,1318.6,1348.9,1376.3,1403.3
1065,1023.5,950.21,873.21,852.51,861.75,865.06,871.83,879.56,889.92,900.63,910.48,915.51,917.73,921.76,931.07,940.47,944,945.23,947.53,951.21,954.42,954.41,954.18,926.59,878.07,842.87,836.35,800.47,783.38,755.98,755.87,722.12,714.7,671.84,647.94,648.8,647.6,650.08,651.19,644.31,641.59,640.79,641.94,642.65,644.85,649.93,670.62,692.73,719.73,748.89,785.52,816.29,844.45,876.34,905.65,940.88,979.31,1017,1057,1097.9,1137.2,1174.4,1209.5,1250.2,1283.8,1314.1,1344.1,1372,1400.5
1029.2,990.29,916.53,841.69,823.61,830.94,835.98,842.61,850.22,860.36,870.07,880.08,883.49,886.93,893.59,903.55,908.68,912.93,912.53,913.55,917.77,921.88,917.6,915.93,889.21,842.32,808.34,801.97,769.03,753.44,727.99,727.95,696.94,690.01,652.54,630.86,631.42,631.5,632.62,634.21,626.96,625.47,625.02,628.18,629.95,639.93,649.97,667.6,687.98,710.94,744.85,778.17,807.03,838.32,867.91,903.29,941.58,980.31,1017.4,1058.6,1100.4,1140.5,1177,1212.2,1255,1289.9,1319.6,1352.5,1384.3,1414.7
990.25,953.6,880.47,810.01,792.36,799.53,804.54,811.32,819.81,830.22,840.07,848.78,852.37,858.45,867.21,872.24,877.16,882.77,880.25,881.29,885.44,889.75,879.57,876.5,851.62,806.04,773.76,766.58,735.69,720.28,695.65,695.48,667.13,661.36,627.19,609.44,609.5,610.49,610.87,612.8,608.5,606.54,608.83,612.3,620.87,634.39,644.94,659.6,677.98,704.66,735.29,767.99,799.51,828.88,864.33,902.66,940.38,980.17,1017.3,1058.9,1099.9,1141.4,1176.7,1212.3,1255,1291,1321,1353.5,1386.1,1416.6
952.84,917.24,845.63,779.73,762.12,769,773.8,781.86,790.94,801.2,809.81,819.02,825.13,832.02,835.49,840.62,846.35,851.37,847.05,847.52,852.36,856.68,841.75,837.64,814.87,770.74,740.6,732.73,703.53,688.57,664.91,664.17,638.58,633.81,603.05,588.3,588.93,589.54,590.37,591.77,589.58,588.77,591.57,601.16,613.41,629.02,638.54,651.69,673.73,695.91,725.5,760.4,789.19,824.64,862.62,900.14,938.31,978.6,1016.2,1056.3,1098.9,1139.9,1176.2,1211,1255.9,1290.9,1321.1,1354.8,1385.8,1416.4
913.63,879.34,809.13,748.11,730.73,737.58,743.59,751.42,760.56,770.16,779.69,790.68,797.16,799.62,803.31,809.04,813.46,819.75,812.15,813.17,817.92,820.96,802.39,797.14,776.69,734.3,706.56,698.27,670.97,656.56,633.11,632.02,608.87,604.8,576.91,565.68,565.79,566.81,567.56,569.63,568.43,569.38,578.44,592.21,605.78,620.32,629.83,647.17,665.76,686.64,717.9,750.36,785,822.77,860.13,898.18,936.46,977.43,1013.4,1055.2,1097.2,1138.8,1173.6,1211.6,1254.4,1289.7,1320.6,1352.3,1384.2,1414.1
873.88,840.49,772.44,715.84,698.63,706.58,712.33,721.43,729.8,739.91,750.74,762.27,764.77,767.04,771.24,775.46,781.54,790.34,777.01,777.79,781.79,786.61,762.84,756.2,738.23,697.26,671.74,662.86,637.34,623.44,600.36,599.31,579.01,576.13,550.82,542.54,542.75,543.64,544.92,547.29,549.81,556.71,570.18,583.95,596.21,610.29,623.24,637.48,654.56,677.53,706.67,744.88,782.03,819.57,857.02,895.03,933.89,973.11,1011.3,1051.8,1094.7,1135.6,1173.2,1207.9,1252.1,1288.2,1317.3,1349.6,1381,1410.2
832.67,800.36,733.34,680.99,664.68,672.68,679.24,687.28,696.57,706.93,718.37,726.44,729.59,733.07,735.27,741.64,750.75,752.42,740.06,740.56,746.59,750.5,722.43,715.09,699.33,660.49,636.94,627.24,603.54,590.21,567.02,566.67,549.23,547.72,525.61,520.14,520.57,521.22,521.53,527.48,535.8,547.31,561.51,573.95,587.54,605.51,615.75,626.48,643.36,664.03,699.48,739.27,776.11,814,851,889.45,927.76,967.91,1005.4,1046.6,1089.3,1131.2,1166.7,1203.4,1247.3,1282.1,1312,1344.4,1374.5,1404.3
793.56,762.3,696.76,649.16,633.82,642.7,648.04,656.66,666.34,677.42,685.84,694.24,698.21,699.15,703.32,713.03,714.28,714.41,704.36,706.27,711.72,716.41,684.18,676.1,662.66,626.22,605.1,594.78,572.69,560.15,536.46,536.9,521.7,520.91,501.72,498.61,498.8,498.47,503.05,513.18,527.01,537.32,550.17,564.15,581.38,597.65,606.83,618.97,634.52,660.57,696.84,736.22,772.63,810.16,847.59,885.48,923.8,963.92,1002.1,1042.9,1086.4,1127.1,1163.9,1200.3,1243.5,1278.7,1309.3,1340.1,1370.9,1401.4
754.63,724.63,660.19,616.86,603.41,611.86,618.27,626.92,636.09,643.87,652.64,661.99,663.34,665.77,673.44,675.3,676.03,675.08,667.59,669.48,675.42,680.11,644.35,635.42,623.86,589.91,571.17,560.89,541.25,530.6,508.45,508.37,495.71,494.94,480.78,479.35,479.67,481.75,491.92,505.82,519.32,528.05,541.07,559.38,574.77,590.89,599.49,612.37,632.29,658.69,694.45,733.2,769.52,807.15,844.49,882.62,921.26,960.93,999.31,1040.5,1083.8,1124.8,1161.8,1198,1240.7,1275.7,1306.6,1338.1,1368.1,1398
718.33,690.78,626.7,588.13,576.42,585.11,591.75,599.8,605.73,613.74,623.47,630.35,633.17,639.28,639.72,641.35,641.61,639.82,634.56,637.1,642.74,646.66,607.7,598.02,587.96,556.66,539.91,529.37,511.74,502.29,481.89,481.39,471.43,470.77,461.12,461.01,463.59,473.05,485.99,500.84,512.45,520.54,538.63,555.09,570.97,585.77,596,611.96,633.65,662.7,700.48,740.44,778.75,818.42,856.34,894.77,933.5,972.35,1010.9,1051.8,1095.5,1135.1,1171.9,1207.7,1249.5,1283.6,1313.6,1344.1,1373.8,1401.8
682,657.04,593.21,558.98,549.09,557.82,563.97,569.89,576.06,583.68,590.34,599.28,606.59,607.91,604.97,606.53,607.59,605.18,602.08,604.52,609.98,615.26,572.11,561.9,552.88,524.53,509.37,498.22,482.47,474.14,456.16,455.43,448.45,448.18,443.56,446.58,456.67,468.15,481.17,494.01,505.33,517.38,534.2,550.01,565.93,581.43,594.25,612.65,635.75,665.41,702.75,742.22,779.58,817.58,854.93,892.79,931.45,970.45,1009.2,1050.2,1092.9,1132.8,1170.3,1206,1247.1,1281.3,1312.1,1342.9,1371.2,1399
647.38,625.81,561.85,531.92,524.09,532.67,536.94,542.56,547.98,552.73,561.19,574.32,582.58,576.82,572.7,574.84,576.4,573.26,572.15,574.5,581.42,583.99,538.65,527.56,519.43,494.07,480.38,468.75,455.24,447.89,432.18,431.7,427.74,428.18,432.12,442.26,454.15,466.54,477.33,490.64,504.75,517.6,533.75,549.51,565.24,581.21,595.61,614.61,637.87,667.42,704.38,743.76,781.51,820.11,857.97,895.71,934.78,974.96,1014.7,1056.4,1098.7,1138.9,1176.5,1212.6,1252.6,1286.6,1318.2,1349.2,1377.2,1404.4
615.27,596.29,532.63,506.85,500.65,508.42,512.15,515.96,519.12,525.32,537.93,551.75,560.68,546.73,541.37,543.83,545.72,541.42,541.56,545.3,552,550.13,506.23,494.95,487.77,465.93,454.27,442.9,431.73,425.77,412.56,412.13,410.83,420.34,430.23,444.69,458.84,473.01,485.01,500.18,517.7,533.48,553.69,573.09,592.99,611.4,629.7,651.01,675.02,706.02,742.48,780.29,817.88,856.77,894.58,932.63,973.32,1014.7,1057,1100.4,1144.8,1186.9,1227.5,1266.7,1307.4,1342.9,1377.7,1411,1440.1,1468.7
584.88,568.54,504.88,481.67,477.54,485,486.86,489,493.72,502.65,515.74,529.93,536.08,517.54,511.18,514.28,516.61,510.87,511.29,515.48,520.23,516.42,475.12,463.91,456.97,439,428.29,417.75,408.89,404.1,395.16,396.36,405.36,422.79,434.65,451.11,467.4,483.09,497.89,513.34,534.94,555.56,578.78,602.44,625.59,648.03,670.74,696.86,724.2,757.74,796.41,837.16,878.04,919.98,961.46,1002,1044.8,1088.9,1134,1180,1225.6,1269.2,1312,1353,1393.9,1431.6,1469.4,1503.9,1534.4,1564.4
554.63,539.81,476.07,454.44,452.63,459.51,459.99,462.17,469.15,478.67,492.19,503,507.45,485.55,477.89,481.47,484.68,476.85,477.99,480.47,485.65,479.57,441.62,430.73,423.71,409.6,400.29,391.7,385.74,383.42,380.08,389.87,404.87,423.06,437.54,455.45,473.6,492.23,508.35,524.88,547.94,571.39,595.73,621.19,646.16,670.99,697.11,725.21,754.24,787.86,824.98,864.12,903.54,943.82,983.75,1021.9,1062.7,1106.6,1151.1,1195.4,1238.5,1280.3,1322.1,1361.5,1399.4,1435.1,1471.7,1505.2,1534,1563.8
525.22,511.13,448.03,428.25,428.07,435.94,435.41,437.6,446.41,457.03,467.72,478.85,475.69,454.06,446.35,450.18,454.73,443,443.41,446.16,449.26,443.31,409.36,399.23,392.55,382.59,375.29,369.63,366.69,367.27,375.93,390.05,405.18,422.88,437.41,454.77,472.68,491.53,507.52,523.59,546.6,570.38,594.92,621.4,646.29,671,696.7,725.62,754.47,787.3,823.78,863.06,902.09,942.53,982.63,1020.5,1061.7,1106.2,1149.5,1194.6,1237.3,1279.7,1320.1,1359.7,1398.1,1433.3,1469.5,1503.1,1533.4,1561.6
498.97,483.8,423.14,405.14,407.17,414.39,413.44,418.06,428,436.53,447.32,455.89,448.08,426.43,417.69,422.52,427.78,411.7,412.12,412.59,416.08,409.56,379.71,369.82,363.96,357.08,351.76,348.99,350.96,365.39,379.12,395.27,412.56,431.21,449.97,469.86,490.68,513.97,533.04,553.51,579.05,606.04,633.71,662.94,690.72,718.02,746.16,776.18,806.6,839.81,875.99,915.22,954.05,994.95,1035.1,1073,1115,1161.3,1204.6,1250.3,1293,1336.6,1376.6,1416.8,1456.4,1491.7,1527.1,1561.7,1593.9,1621.9
473.86,455.68,399.47,384.09,386.86,392.65,393.88,399.87,410.15,419.6,428.08,432.83,423.94,401.96,392.67,397.8,402.82,382.64,383.63,382.49,386.32,379.48,354.11,344.68,340.87,336.67,333.97,337.57,350.65,367.37,386.38,406.37,427.02,448.37,471.01,494.06,518.28,545.29,566.88,591.35,619.03,648.55,678.69,709.42,738.78,766.56,795.47,824.78,856.2,890.23,926.73,965.89,1004.7,1045.6,1085.5,1123.8,1165.9,1212.2,1254.7,1299.9,1341.5,1385.2,1425,1464.6,1503.9,1538.8,1572.6,1606.9,1639.2,1665.8
449.42,428.86,376.26,364.26,365.81,372.58,374.6,380.91,393.44,400.69,405.82,406.88,400.79,378.79,369.54,375.1,380.19,356.2,358.36,356.56,360.16,353.53,332.33,324.31,322.55,321.03,325.81,338.32,354.71,375.02,398.49,422.14,446.06,470.57,496.57,524.27,553.13,584.4,610.37,639.56,671.87,704.91,739.09,773.67,807.12,837.52,868.55,898.39,929.89,964.3,1000.1,1037.8,1076.2,1116.8,1155.9,1194.3,1236.4,1283,1325.4,1369.9,1411.3,1455.3,1495.1,1527.4,1554.9,1579.4,1603.2,1631.1,1653.7,1669.7
425.57,403,353.33,343.96,344.92,352.44,354.11,363.18,373.64,376.81,379.31,381.23,377.04,356.22,346.79,353.33,357.6,330.86,334.6,331,334.48,328.74,313.69,308.2,307.87,313.93,326.1,340.38,359.62,383.84,412.16,439.35,466.32,493.11,522.71,554.21,587.13,622.43,651.93,685.23,720.41,756.22,793.02,829.42,865.02,896.78,929.82,961.19,994.9,1031.4,1066.8,1103.1,1140.5,1179.9,1217.7,1255.6,1297.4,1343.7,1385.7,1407.5,1427.4,1456.5,1488,1515.6,1544.2,1570,1597.5,1621.7,1643.1,1666.9
402.41,378.95,331.34,322.97,325.18,331.69,335.7,343.63,350.69,351.04,354.72,360.05,353.5,335.34,327.46,333.81,336.32,309.51,312.45,309.15,313.16,308.88,300.83,298.49,303.75,316.55,331.95,350.98,374.95,404.09,436.67,468.47,499.09,528.54,560.54,593.79,628.1,664.74,695.25,730.01,764.65,799.93,836.05,871.75,906.92,937.73,969.65,1000.7,1035.7,1073.6,1110.5,1147.8,1185.3,1224.2,1261.6,1288.6,1316.1,1343.6,1363.6,1386.9,1411.9,1447.6,1475.4,1504.5,1535.2,1564.7,1587.4,1611.2,1641.2,1661.3
380.43,355.29,310.28,302.68,304.53,311.14,314.28,320.8,324.84,327.46,334.23,335,331.92,317.28,309.42,314.23,317.64,291.12,295.29,292.59,294.63,293.31,290.55,297.07,306.34,322.31,342.63,365.75,392.14,422.61,455.55,487.13,517.84,547.08,578.95,612.37,645.76,681.31,710.89,746.17,779.2,813.56,847.79,882.29,916.64,945.58,978.81,1011.7,1049.6,1089.6,1126,1161.7,1198.7,1225.4,1250.3,1274.4,1297.7,1323.1,1343.7,1372.2,1402.7,1436.8,1466.5,1495.3,1530.5,1558.2,1578.6,1609.1,1637.5,1656.5
355.62,331.34,287.21,279.72,282.3,287.32,290.12,294.21,299.88,305.31,307.09,309.47,308.02,297.5,291.54,297.08,298.7,276.73,278.34,278.58,283.06,281.97,290.1,298.19,307.46,322.81,341.57,363.56,388.55,419.06,451.73,483.69,514.55,543.73,575.87,608.22,641.8,677.54,708.16,742.65,775.6,810.3,845.11,879.88,914.04,944.25,976.74,1010.5,1047.4,1086.6,1123.7,1160.5,1186.9,1213.4,1236.6,1256.2,1278.4,1303.6,1329.7,1364,1392.8,1427.3,1457.2,1491.8,1524.3,1548.7,1575,1604.8,1632.3,1648.9
330.38,306.38,264.98,258.54,260.53,265.39,266.03,272.13,280.52,281.9,284.68,287.23,287.12,280.25,276.77,279.66,282.42,263.71,268.63,268.76,272.95,282.14,287.2,297.08,310.54,326.37,346.13,369.3,395.77,427.62,460.82,493.11,524.47,554.81,587.88,621.72,656.75,693.63,724.45,759.47,792.45,827.69,862.63,897.07,931,959.43,991.48,1021.5,1055.6,1092.6,1124.8,1150.8,1176.4,1201.1,1220.6,1238.6,1260.1,1291.2,1322.4,1354.4,1384.6,1419.2,1454.3,1485.6,1516.7,1545.6,1571.6,1600.6,1625.9,1644.6
303.34,284.31,242.42,238.49,240.69,242.4,246.41,253.78,257.34,258.73,261.91,268.19,265.19,260.88,262.12,268.64,266.95,254.36,257.6,260.12,272.91,277.15,286.29,300.04,314.89,333.55,355.67,380.22,407.39,439.42,472.54,504.91,535.71,565.01,597.29,630.6,664.8,700.88,731.34,765.34,797.58,830.9,865.4,898.33,929.7,957.7,987.24,1018.1,1053.2,1088.1,1115.6,1142,1166.2,1187.6,1205.5,1223,1251.6,1286.3,1315.6,1349.2,1380,1417.8,1449.9,1482.2,1516.2,1542.9,1567.7,1596.7,1623.5,1641.1
280.24,262.73,223.02,218.38,219.08,223.22,227.79,233.38,236.74,238.97,244.74,247.3,245.15,247.34,249.02,251.86,249.66,243.38,248.77,257.81,267.17,276.23,289.93,307.99,326.05,346.83,370.81,396.14,423.56,455.72,488.05,519.85,550.71,580.48,612.45,644.78,677.55,711.24,740.64,772.57,802.18,832.58,864.73,895.97,927.27,954.24,983.77,1015.6,1048.5,1078.7,1105.7,1130.6,1151.3,1170.2,1187.1,1211.8,1243.2,1276.6,1307.2,1341,1374.1,1411.5,1444.3,1477.3,1511.2,1537.9,1563.9,1592.8,1619.6,1639
255.15,241.25,201.6,196.66,199.02,203.18,206.74,211.67,213.64,219.43,222.13,223.56,229.98,234.1,233.86,236.12,234.22,237.22,246.98,254.77,265,275.87,289.74,306.43,323.95,344.32,367.48,393.28,421.09,453.53,485.78,518.26,549.43,579.48,611.09,642.73,675.47,709.43,738.2,770.36,799.69,831.04,862.52,894.37,925.13,952.19,982.14,1012.1,1040,1070,1096.2,1118.1,1137,1154.1,1178.1,1205.9,1236.8,1270.6,1301.2,1337.1,1370.1,1406.9,1440.8,1473.8,1507.8,1535.2,1560.6,1590.6,1618,1636.5
229.99,220.05,180.69,178.46,180.49,183.8,187.07,188.84,194.93,198.28,200.23,211.19,217.63,219.02,221.43,220.28,228.46,237.5,251.01,263.42,274.26,290.32,309.59,330.62,352.56,378.01,406.73,437.95,471.45,509.57,547.18,583.43,615.22,646.23,674.54,703.48,732.54,762.26,787.66,815.58,840.58,868.39,893.42,918.72,939.16,957.28,980.42,1005.2,1033.5,1061.4,1084.1,1105,1121.9,1146.5,1174.4,1201.7,1233,1267.7,1299.5,1335.9,1368.8,1407.2,1441.1,1474.5,1508.6,1536.5,1561.8,1593.8,1622.4,1643.7
203.01,197.95,156.76,157.27,158.78,161.51,160.86,165.84,169.17,173.16,186.38,196.66,199.98,205.47,206,216.15,226.3,239.33,257.96,275.64,294.82,312.68,330.72,351.96,372.55,395.53,422.03,449.14,477.59,510.99,545.56,578.73,611.04,638.05,666.68,694.38,723.57,754.4,778.69,807.37,833.53,858.71,883.28,905.7,928.6,949.26,973.73,998.58,1024.8,1050.8,1074,1092.9,1117.6,1145.4,1171.7,1199.2,1231.9,1269.1,1304,1341.9,1376.7,1415.5,1451.6,1488.3,1524.9,1551.2,1580.7,1616.7,1646.8,1666
176.23,173.18,133.43,134.06,136.7,137.97,139.46,141.8,147.98,163.11,175.57,178.83,187.17,197.64,202.81,212.41,224.98,240.93,262.22,284.86,308.2,331.25,352.84,376.66,400.15,426.23,454.89,483.39,505.47,530.89,556.11,581.45,607.33,632.03,658.88,686.1,715.5,745.06,770.63,798.62,822.66,846.71,869.34,893.55,917.07,939.44,964.54,989.25,1014.5,1043.3,1063.5,1088.7,1115,1141.7,1168.4,1194.9,1227.9,1266.4,1301.1,1338.7,1372.4,1412.2,1446.8,1485,1519.9,1547.4,1578.7,1614.6,1639.7,1661
151.56,152.46,113.7,114.83,117.62,124.01,121.67,124.89,140.98,156.7,163.2,169.63,180.39,192.84,205.82,222.92,241.53,259.13,279.64,302.99,329.12,352.34,371.82,394.35,412.84,433.1,455.12,475.38,496.57,522.34,548.2,574.76,600.3,623.73,649.13,676.97,705.22,737.47,763.09,788.34,811.25,834.42,857.93,882.84,906.89,928.64,953.13,978.14,1007.8,1034.3,1061.1,1089.7,1116.7,1144.4,1172.7,1200.5,1234.1,1274.6,1309.9,1347.8,1383.1,1422.7,1454.4,1489.9,1525,1551.3,1580.2,1610.5,1637.4,1657.7
130.7,131.31,99.633,99.834,105.83,109.83,109.22,124.74,141.14,150.05,157.81,168.1,182.28,197.59,208.93,225.8,239.98,258.24,279.44,302.02,328.31,352.63,372.03,391.9,409.75,431.19,452.33,472.58,495.29,522.16,549.11,574.68,598.49,620.84,646.52,673.85,704.14,735.57,760.08,781.75,804.98,827.5,851.19,875.76,897.49,920.36,943.65,974.77,1002.3,1032.3,1059.3,1087.9,1114.4,1143.3,1172,1201.7,1236.7,1277.3,1312.5,1352,1386.8,1427.6,1460.9,1497.2,1530.7,1557.1,1586.2,1618.3,1646.9,1666
110.63,108.89,82.94,84.02,90.216,94.612,106.49,118.8,131.8,142.66,155.06,168.78,181.3,193.88,206.6,219.47,236.6,254.68,277.65,301.11,327.64,350.96,370.47,389.84,409.47,430.28,451.96,473.12,497.01,523.27,546.75,570.49,593.05,615.26,641.06,670.16,699.34,731.19,750.94,772.85,793.81,817.24,841.03,864.3,887.98,908.86,939.74,967.04,997.81,1028.1,1055.4,1082.8,1109.8,1138.8,1170.2,1199.5,1233.9,1274.5,1310.4,1350.2,1385.3,1425.2,1458.7,1494.8,1527.6,1554.5,1583.7,1615.7,1642.4,1659.2
92.678,91.272,71.061,71.286,79.958,93.488,103.98,115.91,130.7,141.64,153.7,167.54,179.13,189.83,200.58,217.69,236.21,254.95,277.1,301.06,327.96,351.03,370.8,391.69,412.45,432.42,453.93,473.98,495.55,520.47,543.63,567.06,589.6,611.94,638.16,667.17,696.57,725.25,744.38,764.91,787.03,809.81,833.64,856.93,878.46,905.2,931.56,960.75,990.94,1020.4,1047.9,1075.7,1103.7,1136.1,1166.3,1195.6,1231.4,1271.4,1308.3,1347.6,1382.8,1423.1,1457.4,1492.6,1525,1552.5,1582.5,1612.5,1638.4,1657.7
73.472,74.242,58.679,61.994,80.419,94.283,103.5,118.54,132.7,143.02,153.87,165.55,174.51,184.69,199.82,218.14,235.5,253.59,276,300,326.27,349.37,369.9,390.9,411.18,433.16,455.86,477.55,501.12,527.14,551.03,574.94,598.12,619.54,642.93,669.11,693.34,721.53,739.63,761.19,782.7,805.06,829.29,850.5,876.85,899.26,927.59,956.59,986.36,1015.6,1043,1072,1103.1,1134.1,1164.5,1194.9,1230,1270.4,1306.8,1345.5,1381.9,1422.4,1455.1,1490.2,1524.5,1551.2,1579.2,1609.8,1637,1653.2
58.295,56.731,49.815,62.893,79.432,91.178,104.89,120.62,137.49,147.72,152.4,163.75,173.17,185.68,200.13,216.4,234.63,253.88,275.32,298.8,324.87,349.65,372.02,395.33,416.27,438.4,458.69,477.93,500.18,526.52,549.57,574.19,596.72,616.68,639.62,663.86,689.73,716.8,735.69,756.95,778.65,801.3,822.73,848.71,871.55,896.48,923.73,952.09,980.68,1010,1038.9,1070.8,1100.8,1131.9,1162.8,1192.4,1227.8,1268.5,1304.1,1343.8,1379.7,1420.5,1453.3,1488.8,1522.4,1549.3,1577.7,1607.6,1632.7,1649.9
40.216,37.108,50.5,59.657,75.257,91.281,107.1,121.78,133.74,142,156.3,171.54,181.52,192.29,208.54,228.2,246.54,264.12,283.59,305.84,331.79,354.5,374.12,394.25,414.55,434.41,454.59,475.56,498.35,523.94,547.1,570.73,591.78,611.74,634.13,659.59,684.61,711.87,730.9,753.29,774.37,795.06,820.39,844.04,869.14,893.24,919.68,947.05,976.47,1007.5,1039.6,1071.7,1102.6,1135.1,1165.9,1197.4,1232.9,1271.6,1306.9,1345.2,1382.8,1422.4,1454.8,1488.1,1522.9,1549.4,1575.7,1603.6,1629.5,1647
19.348,38.423,48.997,60.171,75.39,90.714,104,118.81,128.56,139.09,152.36,167.49,178.72,190.12,208.68,229.51,249.94,270.59,292.45,318.46,348.34,374.96,396.68,420.22,443.19,466.82,490.35,513.28,537.07,562.59,584.25,607.47,628.32,648.62,671.06,697.45,723.37,751.17,772.35,794.38,817.61,838.83,865.37,891.76,919.16,946.69,974.97,1004.8,1033.4,1062.3,1091.4,1121.7,1150.8,1181.8,1211.5,1241.5,1275.9,1315.4,1350.8,1388.6,1426.4,1466.4,1497.4,1531,1566.1,1591.8,1618.9,1645.5,1671,1689.2
